{"cameraMode":{"drawMode":0,"name":"Shaded","section":"Shading Mode"},"sceneLighting":true,"audioPlay":false,"sceneViewState":{"m_AlwaysRefresh":false,"showFog":true,"showSkybox":true,"showFlares":true,"showImageEffects":true,"showParticleSystems":true,"showVisualEffectGraphs":true,"m_FxEnabled":true},"in2DMode":false,"pivot":{"x":-0.6459285616874695,"y":4.058265686035156,"z":-1.676153540611267},"rotation":{"x":-0.08091451227664948,"y":-0.002686563180759549,"z":0.00021857973479200155,"w":-0.996768057346344},"size":3.461520195007324,"orthographic":true}