{"cameraMode":{"drawMode":0,"name":"Shaded","section":"Shading Mode"},"sceneLighting":false,"audioPlay":false,"sceneViewState":{"m_AlwaysRefresh":false,"showFog":true,"showSkybox":false,"showFlares":true,"showImageEffects":true,"showParticleSystems":true,"showVisualEffectGraphs":true,"m_FxEnabled":true},"in2DMode":false,"pivot":{"x":2.5164871215820314,"y":2.7514564990997316,"z":2.699119806289673},"rotation":{"x":-0.4126764237880707,"y":0.007372889202088118,"z":-0.0033371096942573787,"w":-0.9108578562736511},"size":7.055951118469238,"orthographic":true}